Roll No ,Name of Students ,Final Marks(75),Grade
601,Mr. ABUTE PRANAV CHANDAN,64,10
602,Mr. Itwale Shrinivas Kundanlal,55,8
603,Mr. Gohad Aditya Onkar,59,8
604,Mr. BHARATI DEVEN SHIRISH,65,10
605,Mr. BHAGWAT HRISHIKESH RAMCHANDRA,70,10
606,Mr. MALI SHASHIKANT SURESH,68,10
607,Mr. JADHAV ABHIJEET SUNIL,61,10
608,Ms. MUSKAN PANDEY,70,10
609,Mr. NYAYADHISH VIRAJ RADHAKRISHNA,62,10
610,Mr. VEER ADITYA SATYAJEET,71,10
611,Ms. LOKHANDE MONIKA SANGAPPA,69,10
613,Mr. RAUT ROHIT HARISHCHANDRA,65,10
614,Mr. AVHAD ROSHAN DNYANESHWAR,51,8
615,Ms. JOSHI MADURA MAKARAND,65,10
616,Mr. DHUMALE VAISHNAV VIJAY,51,8
617,Mr. DANDALE PRANAV RAMESH,29,0
618,Ms. KALE MRUNAL ROHIDAS,68,10
619,Ms. KHEDEKAR ANKITA SAMBHAJI,72,10
620,Mr. JABADE SHIVAM RAMESH,35,4
621,Mr. SATTU VINAY VENKATESH,58,8
622,Mr. MEMANE BHAIRAV JAGANNATH,41,6
623,Mr. AUCHAR HRITHIK VIJAY,67,10
624,Ms. PATHARE ASMITA JANARDAN,65,10
625,Mr. PAREEK RAMAN GOVIND,60,10
626,Ms. DHOKARE MANASI MACHHINDRA,61,10
627,Mr. DESHMUKH SANDESH TULJARAM,43,6
629,Mr. WANKHEDE CHETAN MINANATH,56,8
630,Mr. HANKARE SHREERAM SHANTINATH,48,6
631,Mr. MORE RUPESH BHARAT,47,6
632,PATIL MANJUNATH SANJAY,58,8
633,Ms. SHINGDE SAYALI KAMLAKAR,52,8
634,Ms. DHOK APURVA BHANUDAS,60,10
635,Mr. PRAKASH ADITYA JAI,69,10
636,Ms. BHOKARE NEHA SATISH,50,6
637,Ms. LAMBHATE HARSHADA ANIL,57,8
638,Mr. DEOKATTE OMKAR DATTATRAY,43,6
639,Mr. SAHOO RAHULKUMAR DILLIP,57,8
640,Mr. SATPUTE HARSHAL SURENDRA,59,8
641,Ms. SABALE ASHWINI SANDIP,68,10
642,Mr. MEHTA RISHABH SANJAY,60,8
644,Mr. JANGID MOHIT RAMVATAR,54,8
645,Mr. CHAVAN HIMANSHU JITENDRA,35,4
646,Mr. HULAWALE ANKUR BALASAHEB,33,4
647,Mr. PATIL MALAY RAMESHKUMAR,59,8
648,Mr. MANJARI PRATIK SADASHIV,71,10
649,Mr. SINGH SIDDHANT RAJESHKUMAR,71,10
650,Ms. BABAR SHREYA ISHWAR,72,10
651,Ms. GULAVE ANUSHKA ARUN,69,10
653,Mr. DAUNDKAR ASHISH RAMESH,57,8
654,Mr. SHELKE SHUBHAM BALASAHEB,47,6
655,Mr. Kumar Aman Ajay,59,8
656,Ms. Dhole Shradha Vikas,67,10
658,VEERAVALLI VENKATESHRAO,13,0
659,GADIPUDI NAVEEN,19,0
660,Singh Ashank Ashish,34,4
662,Bhumika Makkar,58,8
663,Kundan Kumar,53,8
664,Mahale Shivam Manmath,54,8
665,Suman Saurav,41,6
,,,
